Animal,Fofura,Ameaça,Insanidade,Tamanho,Habilidade,Comédia
Tralalero Tralalá,3.021,5.195,9.152,5.942,7.823,10
Bombardiro Crocodilo,1.175,10,9.078,7.708,8.018,7.387
Tum Tum Tum Sahur,2.501,8.107,10,4.697,7.765,8.01
Bailarina Cappuccina,7.482,4.09,8.056,3.717,6.816,8.851
Cappuccino Assassino,4.284,9.823,8.058,5.934,8.387,7.172
Glorbo Frutto Drillo,2.32,6.424,7.71,6.411,5.557,6.281
Bobrito Bondito,5.834,6.019,7.294,3.062,5.192,7.501
Elefante nel Deserto,6.971,3.407,8.724,8.624,4.41,7.484
Frulli Frullà,5.754,4.322,8.224,3.597,5.586,8.783
Truli Ban Salsiu Salsibou Corriibau,3.913,2.329,7.722,4.262,3.756,6.903
Octopusinni,7.171,2.246,6.629,1.96,4.503,7.04
Saturno Saturnita,6.18,3.268,7.098,6.466,5.901,6.864
Br Br Br Patapim,4.362,5.051,9.386,5.68,6.652,8.418
Penguino Cocosino,2.651,3.653,6.665,2.216,3.587,5.596
Trippi Troppi Troppa Trippa,2.223,5.437,8.63,7.853,4.006,7.141
Bombini Gusini,3.29,8.013,8.981,4.732,7.674,6.181
Trulimero Trulicina,5.79,4.292,7.784,3.185,4.485,7.376
Bicus Dicus De Bicus De Dicus,8.701,1.393,7.288,1.756,4.479,7.249
Capivarello Cocosini,7.191,2.04,6.062,2.976,3.174,7.915
Frigo Camelo,3.041,4.482,8.947,7.551,4.87,7.328
Cacto Ippopotamo,3.63,7.058,8.078,9.902,5.057,6.823
Giraffa Celeste,8.684,3.085,7.526,9.666,6.487,7.889
Vaca Saturno Saturnita,7.646,4.271,7.336,7.071,5.882,6.004
Bonka Ambalabu,5.839,5.079,7.241,4.279,4.573,6.777
Chimpanzini Banani,6.482,3.138,8.32,3.947,4.542,8.277
Gorillo Watermelon Drill,3.126,7.309,8.369,6.319,5.724,6.431
Leopardi Grapefruit Tui,4.395,7.364,7.919,5.156,5.766,6.599
Makini Banani,6.504,3.693,8.346,3.365,4.897,8.465
Leonelli,4.531,5.001,7.86,4.362,4.335,7.127
Penguino Pandakini Banani,5.561,3.334,7.904,2.778,4.413,7.111
Tigini Watermeli,4.892,7.828,7.907,5.58,5.09,6.726
Espressor Ballerina Cappuccino,6.184,5.774,8.1,3.88,6.92,8.398
Orangutini Anioli,7.704,3.93,7.978,5.706,4.134,7.451
Ballerina Ballerina Capuccina,7.384,4.474,8.011,3.683,6.893,8.153
Chimpanzini Banana Capuccino Bona Ambal Bonka Ambulabu,4.552,6.816,9.498,4.895,5.221,7.517
Watermelon Wormi,5.773,2.63,6.556,1.472,3.034,6.533
Mun Elephanti Banuchi,6.197,3.899,8.001,7.915,4.601,7.117
Bananita Dolphin,7.998,3.066,7.868,4.716,4.47,7.337
Taur Track Bar Track Satalito,2.686,6.698,8.703,5.038,4.696,6.654
Cocoanto Elephanto,6.174,3.072,7.916,7.662,4.015,7.971
Hippopotamino Lol Giraffe Vest,4.749,5.869,8.889,6.184,4.253,6.245
Truly Truly China Gangster Gangster,3.529,7.661,8.516,5.605,5.536,7.407
Toptoby,4.788,4.704,7.531,3.813,4.199,7.617
Strawberry Pe,8.947,2.462,7.388,2.397,3.259,6.407
Gorini Banani,6.968,3.214,8.238,5.499,4.498,8.761
Boom Boom Boom Leopardi Grapefruit Duji,4.181,7.598,7.427,5.73,5.167,6.78
Makini Banani Macini Banani Laala Trai Grapefruit Grapefruit,6.32,3.524,8.074,3.018,4.249,8.676
Boom Boom Boom Leonelli Boom Boom Leono,4.103,5.781,7.003,4.421,4.343,7.507
Penguino Pandakini Banani Panda Banani,5.011,3.849,7.518,2.961,4.781,7.29
Bom Bom Bom Tigini Watermeli,4.963,7.489,7.581,5.168,5.625,6.843
Dwaynemacchina Nebbia,5.801,4.2,8.596,4.642,6.56,9.604
Pastacciere Vomelardo,6.806,3.521,8.652,3.702,5.762,9.167
Rantoloso Raccoglitutto,3.689,5.76,10,6.637,6.697,7.29
Tamburoneape Nostalgia,6.78,4.894,8.328,4.177,6.468,9.111
Istrice Melagrana Cuscino,5.899,6.215,7.188,3.99,5.641,8.915
Opossum Lampone Bicchiere,6.34,5.695,6.196,3.182,5.363,8.832
Mojitotifo Ghiaccio,5.988,6.666,9.284,3.427,5.32,8.758
Clebomb,2.527,6.903,9.41,3.096,5.144,7.421
Oboemantide Isteria,4.531,7.211,10,3.184,6.427,8.541
Deppforchetta Fulmine,5.746,6.889,9.353,3.833,6.113,8.595
Draghetto Uva Portone,4.685,8.152,8.537,6.399,5.36,7.778
Leporino Limone Lampione,8.723,3.614,6.593,3.487,4.884,9.136
Delfino Banana Mixer,6.453,4.422,6.358,3.558,5.069,8.719
Giocherellone Armadietto,7.889,2.591,6.121,5.2,5.888,9.188
Tiramifunebre Nero,4.879,7.144,10,4.988,5.638,7.566
Marmotta Melone Macinapepe,7.884,3.753,6.109,3.563,4.654,8.386
Flaminaro Fuoco,9.59,3.515,7.445,2.661,6.848,10
Ghiro Maracuja Specchio,7.179,3.114,6.846,2.269,4.775,9.734
Opossum Mela Posacenere,7.979,4.657,6.072,2.5,4.69,8.545
Ghiro Papaya Griglia,7.626,3.475,6.58,2.218,4.56,9.488
Cavallone Lampone Termosifone,3.449,7.127,8.323,9.246,5.762,6.555
Lentezza Ribollita,8.544,1.362,8.098,2.89,6.848,10
Tristezza Eterna,8.23,4.876,10,2.824,6.031,7.218
Pavoncello Mela Specchietto,7.107,3.4,6.593,4.688,5.983,8.397
Sicaspino Malato,7.701,5.414,10,2.415,6.333,9.419
Severo Divanetto,3.041,6.134,7.007,7.133,5.329,6.052
Volpacchiotto Papaya Presina,9.168,2.023,5.826,2.214,4.554,9.745
Hemsworthcolino Pioggia,6.669,4.617,8.292,3.737,5.146,9.558
Pilostrozzo Cacaturbina,2.729,8.467,10,5.938,5.594,7.099
Carciofo Furbetto,8.183,2.051,8.4,2.791,6.769,9.04
Tipografrana Schizzulone,6.423,4.334,8.774,3.626,5.504,9.676
Ranocchio Kiwi Tenda,6.949,4.91,6.566,3.076,5.197,9.22
Frollo Trinciapizzone,5.065,5.359,8.05,4.026,6.595,8.644
Librastrambo Paginonzo,6.834,3.21,8.638,2.406,5.049,9.866
Cucina Saudade,9.1,2.074,6.443,2.171,6.024,10
Ombra di Speranza,9.971,3.88,9.378,3.645,7.813,8.044
Morbocavolfiore Granato,6.35,2.174,6.204,3.163,4.14,7.388
Vinzuccheriera Tempesta,4.36,6.473,9.523,3.374,6.359,8.979
Vinobrivido Ghiaccio,6.655,4.36,8.402,3.054,5.706,9.928
Pappagallo Cocco Tavola,6.914,4.02,7.589,4.181,5.199,8.395
Flautopidocchio Ossessione,4.563,7.401,10,3.567,6.963,8.143
Coraggio Selvatico,8.586,6.378,7.734,4.152,9.762,5.926
Porcellino Mango Cavatappi,8.279,3.951,6.741,2.771,4.402,9.803
Umile Candelabroccio,6.691,5.699,8.388,4.046,6.543,9.336
Cerbiattino Lampone Timbale,9.589,2.458,5.242,2.067,3.445,10
Stridulo Bidonaccio,2.777,8.635,9.941,6.369,5.804,7.502
Pasticcio Gelato,8.727,3.922,7.207,2.493,6.739,10
Raviolifurore Cremisi,3.118,8.498,9.692,4.807,6.214,7.141
Pianistronzo Notaculato,6.861,5.588,8.508,3.12,6.228,8.478
Artritemais Giada,5.144,6.896,9.794,3.152,6.926,9.094
Fisboletti Lino,9.445,3.072,8.922,2.212,5.293,10
Formichiere Fragola Catino,5.135,6.859,7.731,3.769,4.39,8.009
Sinusitofava Malachite,5.435,5.546,8.659,2.462,6.426,9.54
Gabbianotto Lampone Sedia,7.731,4.16,6.997,3.432,4.743,8.098
Luce Rossa,10,4.485,7.716,3.394,7.225,6.367
Grosso Scaldino,3.075,6.503,8.804,7.943,5.458,6.227
Lasagnatriste Verde,6.929,3.428,8.17,4.536,5.618,9.397
Swiftpentolino Neve,6.575,4.793,9.567,2.186,5.054,9.732
Pavone Cocco Candelabro,7.259,3.282,6.769,4.351,5.718,8.809
Morsa Elettrica,8.067,3.738,9.264,3.14,6.615,9.361
Crostino Furioso,7.814,5.452,9.576,2.003,7.462,10
Pavone Cocco Tappeto,8.995,3.411,6.538,5.043,4.371,8.607
Gnocchicompulsione Verde,3.023,7.844,9.169,5.851,5.126,7.405
Celere Cintolaccio,7.788,4.481,6.767,3.794,6.582,8.085
Radice Sonora,10,1.957,9.126,2.993,7.061,9.741
Salamandrone Fragola Paletta,5.401,5.4,8.328,3.391,5.053,8.322
Sambucabrivido Neve,6.139,4.11,7.765,3.609,5.527,9.793
Sogno Perduto,8.34,4.426,10,2.388,6.374,7.249
Rockpiatto Bruma,6.601,4.566,8.219,3.171,6.545,9.026
Sonnolento Scolapastone,6.479,2.951,7.279,4.306,4.545,8.955
Swiftcavatappi Scirocco,6.21,4.344,9.545,2.242,6.034,9.52
Cornopidocchio Tristezza,6.046,5.262,9.237,2.263,5.395,9.04
Utopia Oscura,8.104,2.135,9.554,3.638,7.372,9.108
Banjoragno Frustrazione,5.758,6.74,9.518,4.957,5.647,9.746
Rotondo Sputacchino,6.174,3.385,8.885,3.39,4.569,8.002
Polentapaura Marrone,5.522,6.111,9.944,5.078,4.933,8.649
Fantasma Dolcezza,10,1.924,7.218,2.05,5.029,10
Furioso Pallonaccio,2.756,8.363,9.85,6.576,6.295,8.31
Puzzola Mango Microfono,3.615,6.617,8.148,3.548,5.105,7.01
Scabbiafagiolo Labradorite,4.521,6.651,9.472,3.724,6.366,9.16
Sitarlibellula Felicità,7.663,4.64,7.127,3.872,6.267,9.367
Elonzucchino Tifone,5.813,5.553,9.516,3.363,6.629,8.004
Trombetta Pigra,7.727,2.391,7.458,2.721,5.614,9.003
Gioioso Cappellone,9.82,2.591,6.785,3.132,5.032,8.294
Paint Melodia,9.531,2.904,7.984,2.399,6.164,10
Istricino Pera Trappola,5.299,6.022,7.944,3.245,4.11,7.8
Urlaprofumo Mugellone,6.362,4.702,8.14,4.215,5.504,9.094
Xilobrunella Rabbia,5.609,6.526,8.115,3.591,6.543,9.716
Cerbiatto Uva Orologio,9.346,2.133,5.794,2.073,4.881,8.237
Lunatico Scolabrodetto,5.19,4.5,9.206,3.352,5.322,8.216
Candidalenticchia Ematite,5.365,4.779,8.336,3.515,6.041,9.088
Tarchiato Copribottone,4.554,6.465,8.97,4.417,5.259,7.249
Paninicuriosità Marrone,6.466,4.976,8.038,3.559,5.806,8.202
Furetto Maracuja Teglia,7.66,3.198,6.269,3.189,4.41,9.969
Gelata Pazienza,8.126,1.8,7.167,2.769,5.732,9.817
Futuranzano Verde,8.505,2.079,9.012,3.749,7.659,9.497
Riccetto Melone Grattugia,8.115,3.666,7.51,3.74,5.074,8.515
Pittmestolo Neve,6.244,4.853,8.6,3.726,6.175,9.642
Ippopotamo Uva Televisori,3.714,8.164,7.887,9.12,4.704,6.778
Canzone Troncata,8.046,2.096,8.588,2.78,6.365,9.007
Pompacchino Sgocciolato,3.657,5.108,10,5.086,5.261,8.548
Sussurro Pagano,8.606,2.661,10,3.111,7.251,8.699
Clarinettoformica Panico,5.027,7.313,9.518,2.092,6.5,8.55
Mandria Iperuranica,6.628,4.237,10,2.081,8.453,7.11
Boom Boom Beini Guin,3.303,7.515,8.988,4.939,6.748,6.723
Tamburoscarabeo Confusione,5.193,5.092,8.878,4.796,5.269,9.544
Zonzo Pannolaccio,6.598,3.055,8.003,3.909,4.417,8.935
Spazzasputo Canforaccio,3.1,7.536,9.694,5.755,5.074,7.297
Drummolano Grande,7.709,3.737,8.443,3.366,6.07,9.671
Dardo di Magia,9.892,3.488,9.714,2.59,7.438,9.806
Dentistrullo Mandibaccio,4.42,7.879,9.782,3.558,6.935,7.976
Zuppainvidia Blu,4.602,6.475,8.878,4.621,5.493,8.675
Colore Tremendo,8.765,2.921,8.04,2.782,6.797,9.743
Panemelodia Rosato,6.742,2.626,7.592,3.028,5.18,9.371
Tromboncicala Follia,4.619,7.749,10,5.307,6.082,8.235
Peloso Cassettozzo,6.673,4.31,7.211,5.421,5.353,7.031
Arancinirabbia Rosso,4.944,8.843,9.464,4.247,6.324,7.472
Pinguino Melone Frullatore,6.947,3.737,7.064,3.923,5.033,9.866
Torsione Dolce,9.266,2.38,8.714,2.637,6.521,10
Gattone Limone Zainetto,9.651,2.853,5.553,2.2,4.886,10
Verrucalimone Peridoto,5.581,5.818,8.691,3.299,6.607,9.181
Teetubercolosole Vento,5.147,7.327,9.824,4.162,5.615,8.138
Ladybollitore Grandinata,6.935,6.061,9.897,2.849,6.118,8.679
Dottoscrocco Cacarelli,5.684,4.747,9.198,4.537,5.999,8.417
Kidmanmestolo Foschia,6.127,4.865,8.496,3.478,5.181,9.553
Tempesta Interiore,7.544,4.287,10,2.571,7.877,7.652
Tartarughina Melagrana Gabbia,6.583,4.225,6.768,3.006,4.618,9.006
Cieloscuri,8.161,3.535,9.544,3.379,6.46,10
Melanzanadispetto Nero,3.792,7.268,10,4.118,5.072,6.17
Gracile Spintorello,6.465,2.253,7.413,4.152,4.122,7.548
Riniteorigano Titanite,5.125,3.885,8.277,3.444,6.349,9.935
Violapulce Confusione,6.229,5.362,9.66,3.865,6.526,9.894
Tigrotto Pesca Bicchiere,6.98,6.846,7.483,4.356,6.231,7.811
Fenicottero Mela Specchietto,7.548,3.045,6.016,5.487,4.079,9.123
Keanugrattugia Tempesta,7.826,6.511,9.147,3.054,6.234,9.14
Sick Peperone,6.929,5.311,9.646,3.245,6.263,8.23
Angoscia della Notte,7.144,4.92,10,3.624,6.631,8.561
Potere di Guerra,6.478,5.049,10,3.487,7.622,6.39
Puzzolino Melone Cassetto,6.042,4.766,7.392,2.355,4.649,9.084
Tubercolspinacio Rubino,4.7,6.12,9.219,3.412,5.506,8.572
Spirale Infinita,9.426,3.325,10,2.965,7.247,9.194
Beyspatola Temporale,7.07,5.218,9.789,2.108,6.008,9.14
Koala Mango Stampino,8.818,2.072,6.535,3.186,4.945,9.828
Vetroludo Pannicciotto,4.756,5.809,7.151,3.859,5.154,8.506
Sitarscarabeo Rabbia,4.098,8.039,9.776,4.193,5.758,7.628
Ombra della Fiamma,9.868,3.55,9.172,2.344,7.301,7.482
Pompilastro Fegatone,3.686,7.991,10,5.451,5.609,7.304
Spirito di Luce,10,1.809,8.107,2.885,7.558,9.08
Meschino Lavapiattone,2.193,8.938,9.361,5.616,5.871,6.738
Negronibronchite Ciclone,3.584,8.752,9.001,5.014,5.096,7.856
Cavallino Fragola Timer,8.978,3.503,6.298,3.858,4.242,8.463
Magia Perduta,7.784,4.473,9.655,2.389,6.921,8.678
Infinito Raggio,8.193,4.637,10,3.707,6.069,7.649
Gioioso Catenaccione,7.818,4.768,7.28,4.859,5.633,8.634
Gelato Bomdiorno,4.101,2.62,6.672,2.963,5.241,6.146
Viscido Tegolone,3.225,6.55,8.438,6.995,5.147,6.97
Incanto Cosmico,7.478,4.261,9.941,3.571,7.64,7.7
Elefantini Kiwi Tagliere,5.904,4.251,6.491,8.639,6.855,7.869
Cavallino Uva Proiettore,6.523,4.01,6.024,4.272,5.547,8.436
DiCapriomestolo Gelo,5.241,6.566,9.945,4.28,6.195,8.473
Cavallo Limone Radiatore,6.51,4.156,6.673,6.109,5.979,7.967
Pantera Ananas Pannello,3.176,9.984,8.155,6.206,6.267,6.929
Spirito di Guerra,6.465,5.341,10,3.101,7.027,7.887
Billieimbuto Foschia,6.028,4.357,8.958,3.571,5.751,9.255
Dermatitedaneto Ambra,6.568,3.982,8.223,3.999,5.004,9.924
Formichino Banana Padella,6.483,4.99,7.195,1.757,4.84,8.655
Piuma Stonata,9.305,2.568,8.055,2.491,6.783,10
Pannacottarabbia Viola,5.303,7.421,9.504,4.906,5.724,8.586
Vento Tempestoso,7.244,8.68,6.174,5.636,9.294,4.083
Birraspossatezza Vento,4.588,6.114,8.401,4.975,5.456,8.796
Paintito Della Brush,8.798,3.777,8.732,2.585,7.266,9.416
Scontroso Pestacarnezzo,2.72,9.611,9.73,5.341,6.57,6.046
Birraemorroide Fulmine,7.486,3.834,8.702,3.583,4.664,9.836
Misterioso Calzettone,4.318,5.291,9.338,3.054,4.951,8.268
Pittfrullatore Nebbia,6.631,4.444,8.89,3.309,6.287,9.228
Tromero Trulucina Trulyina,5.681,4.738,7.846,3.762,4.986,7.566
Nodo Lunare,8.738,2.603,9.114,2.308,6.26,9.573
Mago di Tempesta,6.14,4.444,10,3.996,8.05,7.662
Scorbucetriolo Diaspro,5.655,4.768,8.448,3.827,5.724,9.477
Bonito Pomodoro,9.036,2.859,7.086,2.714,6.201,10
Topaccio Uva Fornello,4.114,5.897,6.076,2.522,4.423,8.947
Cielo Strano,9.652,2.662,8.246,2.594,6.287,9.485
Ombra Viscosa,7.902,3.906,10,2.361,6.701,9.917
Gabbiano Fragola Contenitore,7.284,3.49,6.166,4.607,5.325,7.885
Elegante Cuscinetto,8.119,2.259,6.041,3.375,4.58,7.19
Anima Collosa,8.124,2.32,8.867,2.694,6.801,10
Buffo Cavatortaccio,7.006,3.405,7.632,3.11,5.381,9.2
Tasso Cocco Contenitore,6.648,4.745,6.004,4.797,4.194,8.864
Sfumato Portone,4.959,5.01,7.819,7.298,5.137,6.552
Colitefinocchio Quarzo Rosa,7.518,4.117,8.652,2.562,6.656,9.256
Stupito Appendicolone,5.021,3.666,9.24,4.197,5.742,8.766
Negronistanchezza Roccia,4.842,6.505,9.583,4.07,5.971,8.86
Urbana Legio Morango,5.65,4.187,4.092,1.936,5.675,5.628
Canarino Lampone Carrello,9.618,2.451,5.366,2.905,3.637,10
Bonita Kero Kerita,2.304,2.549,8.274,2.818,9.982,6.581
Giocospuzzo Pallavolazzo,7.192,2.144,7.068,3.844,4.498,9.357
Nevrile Annusatoreccio,3.735,6.702,9.791,4.071,5.081,7.648
Capretta Melone Anello,8.127,3.691,6.629,2.783,4.249,9.512
Scoiattolo Banana Vassoio,8.177,3.782,6.433,2.508,4.653,9.352
Lupo Melone Tromba,5.247,7.583,8.415,5.895,6.01,7.209
Poesia Tormentata,9.099,3.017,10,2.486,6.734,9.728
Procione Pera Borraccia,7.189,3.349,6.688,3.131,4.715,9.579
Dispettoso Cricchettino,6.788,4.958,9.728,2.579,4.574,9.087
Lir Lì Lar Là,5.981,6.076,9.396,5.192,6.879,8.291
Mojitoconvulsione Fiamma,5.156,6.959,9.835,4.099,5.395,8.279
Cuocoflato Spizzatone,7.484,3.002,7.327,3.576,5.606,9.776
Ruggente Pennarellone,4.22,7.333,8.723,5.525,6.495,6.951
Gufo Mora Bastone,7.132,4.576,7.54,2.931,5.261,8.376
Orsetto Mora Macinacaffè,8.628,3.989,6.376,3.055,4.481,9.137
Coraggioso Televisorino,4.835,7.879,8.379,6.631,6.065,6.633
Vinoscarlattite Roccia,6.432,3.855,8.285,8.723,4.409,7.507
Anistonteglia Rugiada,6.248,4.183,8.728,3.711,6.059,9.932
Mandolinofarfalla Estasi,7.298,3.797,8.881,3.224,6.121,9.367
Finto Martellaccio,4.229,5.307,9.752,5.473,6.189,8.147
Birrapeste Nebbia,3.745,8.369,10,5.345,4.836,7.494
Radice Oscura,8.266,2.138,9.267,2.702,6.104,9.381
Morbiocarciofo Diaspro,6.003,5.79,8.883,3.812,6.34,9.244
Volpetta Limone Ventaglio,8.025,3.204,6.69,2.109,4.766,9.752
Lirabaco Ansietà,6.511,5.88,9.257,4.331,5.565,9.489
Bom Bom Spaghetti Twi Spa,5.08,3.002,7.993,4.998,3.525,7.278
Cacciatorepaura Marrone,4.174,7.673,9.277,5.108,5.403,7.381
Lombrichino Fragola Rullo,6.67,2.122,8.779,1.701,5.385,9.738
Tic Tac Leine Del Cactus Miuro Crocodilo,3.077,8.219,8.959,6.172,6.261,6.72
Opossum Fragola Termometro,6.384,5.212,8.012,4.555,5.268,7.565
Furetto Lampone Cuscinetto,8.561,3.492,6.261,2.703,4.553,9.253
Scoiattolino Maracuja Teglia,8.727,3.871,6.074,2.649,4.204,9.524
Ombra dell'Anima,8.093,4.383,10,2.327,6.522,8.024
Cuscino Volante,10,1.653,8.481,1.91,6.826,10
Nebbia Sospesa,7.238,3.072,9.202,3.196,7.301,9.429
Scarpa Lunatica,9.771,1.06,7.388,2.774,5.391,10
Allegretto Giraviteccio,5.622,4.678,7.068,3.445,4.76,8.279
Talpa Ananas Cassettiera,5.588,6.414,7.81,3.682,5.611,8.479
Lucertolino Mora Taglierino,5.067,5.025,7.039,2.454,5.831,8.632
Cinenino Bambino,8.144,3.696,9.8,2.367,5.965,10
Buttaguai Spargitoro,4.903,7.01,10,4.344,6.023,7.209
Bruma Sospesa,9.795,1.179,8.604,2.5,6.134,8.839
Limoncellobotta Tuono,6.658,5.778,8.443,4.121,5.607,9.959
Talpina Ananas Scatola,6.61,4.739,6.486,2.803,4.665,8.188
Lasagnapaura Turchese,5.668,7.162,9.684,4.529,5.811,8.564
Sprumoniustione Fulmine,5.976,6.101,8.368,3.38,5.995,8.615
Cornoragno Delirio,4.21,7.144,9.851,4.354,6.888,8.366
Pipistrellino Melagrana Bottiglia,5.513,6.377,9.213,2.821,6.584,8.646
Focacciasperanza Azzurro,7.843,2.743,6.202,3.776,5.19,9.275
Malamé Amareló,2.516,6.367,9.837,4.315,4.68,6.207
Anatroccolo Fragola Lampada,9.586,2.397,5.236,2.801,3.961,10
Canto Dissonante,9.634,2.81,9.043,2.083,6.258,10
Volpe Limone Forchettone,7.566,4.393,7.51,3.851,5.506,8.913
Ombra di Vento,8.153,3.686,9.982,2.442,6.166,10
Tromalino Tetto,8.515,2.167,6.274,3.794,8.97,9.19
Passerotto Mango Portachiavi,9.152,2.877,6.646,1.6,3.931,10
Mago della Fiamma,9.722,2.321,9.673,2.317,8.31,9.605
Terra delle Sirene,8.705,3.043,9.141,2.513,6.617,10
Anatra Collante,9.888,2.659,7.963,2.337,6.458,10
Sottile Frustaccino,5.762,4.453,8.687,3.449,5.135,8.515
Topolino Fragola Zainetto,8.486,3.936,5.224,1.616,4.457,10
Memoria Nebulosa,8.402,2.31,9.839,2.78,7.305,10
Sospeso nel Vuoto,8.05,4.932,10,2.621,6.937,9.14
Viscera Tenerina,9.866,2.273,9.008,2.663,6.568,10
Bottone Sognante,9.798,1.639,7.049,1.584,6.703,9.811
Oca Melagrana Piattaforma,6.856,3.509,6.318,6.054,5.471,8.177
Delfino Ananas Faretto,6.647,4.2,6.2,4.162,5.113,8.116
Tappeto Sussurrante,9.585,2.731,8.763,3.707,6.4,9.272
Violamillepiedi Apatia,5.084,4.748,8.03,4.276,5.131,9.555
Aria Fragorosa,7.035,3.333,9.399,2.946,6.953,9.256
Salamandra Kiwi Portafoglio,6.902,4.789,6.023,2.224,4.675,9.968
Bizzarro Forchettone,3.662,6.49,10,5.069,5.228,6.422
Espressopidocchio Fiamma,7.961,3.179,7.072,2.334,4.303,10
Gabbianello Uva Vassoio,7.508,3.293,6.719,3.178,4.758,9.347
Incerto Piumaggione,5.727,3.013,8.029,3.786,4.879,8.429
Itterbambù Argento,7.543,4.228,7.202,3.245,6.061,9.292
Herpesporro Calcite Rosa,5.117,5.077,9.926,3.816,6.109,9.112
Allegrotto Strizzapannone,6.492,3.116,7.717,3.267,5.539,9.517
Canto Selvaggio,8.707,3.175,9.33,3.145,7.238,8.338
Falchetto Fragola Cavatappi,6.313,5.894,6.298,2.283,5.786,8.647
Anziano Bastonaccio,3.638,7.291,8.347,5.409,5.497,6.653
Brullo Cassonettone,3.854,6.155,9.592,6.682,6.326,6.543
Mandolinogriglia Euforia,7.63,3.761,8.361,3.844,6.898,9.686
Melodia di Cristallo,9.785,3.612,10,2.483,6.853,8.895
Annoiato Pentolaccio,3.284,6.727,8.045,5.016,5.936,6.771
Lama Liquida,6.348,4.654,10,2.711,7.794,7.005
Puzzola Mela Orologio,6.334,4.691,7.475,2.007,5.939,8.071
Pungente Arrotinozzo,3.86,7.67,9.291,5.39,6.386,6.132
Chinottomalaria Tempesta,3.359,8.865,10,5.611,5.677,7.953
Fungo Erotico,7.978,3.976,10,2.434,6.971,9.805
Gagalattiera Tornado,7.929,6.411,9.158,2.323,6.638,9.555
Hemsworthapriglia Umidità,6.315,4.831,8.527,3.187,5.162,9.295
Panterotto Uva Ferro,3.781,9.03,9.979,7.324,7.518,5.178
Frammento Etereo,9.52,2.942,10,2.493,7.576,8.231
Tiramisugratitudine Oro,7.214,2.865,6.283,3.255,4.309,10
Tasso Kiwi Microfono,5.775,6.614,7.059,4.748,5.22,7.506
Eilishteglia Vento,6.101,5.319,9.349,2.371,5.566,9.572
Koala Papaya Scaffale,9.177,2.758,5.297,2.157,4.173,10
Pinguino Mela Copertina,9.497,2.829,5.248,2.509,3.692,10
Xilobrucolo Euforia,6.428,3.548,8.443,3.979,6.979,9.274
Flamano Rino,9.98,2.637,7.767,2.491,6.384,10
Frittatrancore Lattiginoso,6.307,4.764,8.918,3.049,5.221,9.333
Ryancolapasta Caligo,5.206,5.183,9.638,3.349,6.186,8.795
Cielo di Fuoco,10,1.244,8.269,2.019,6.674,9.281
Ippopotamino Uva Stendino,4.891,7.952,7.29,9.591,6.239,6.836
Tortellinfelicità Nero,5.205,5.468,8.933,4.683,5.329,8.864
Pianolibellula Isteria,5.53,6.331,9.901,3.261,6.815,9.001
Lampada Gelosia,6.259,3.958,9.067,2.3,6.988,9.848
Luna Scintillante,9.016,2.778,9.115,3.251,6.163,10
Grappatensione Neve,6.171,5.64,8.559,3.629,5.025,9.089
Resturattino Piccolo,8.232,3.227,6.66,2.69,6.306,9.285
Pazzo Bacinello,3.182,6.631,10,4.818,4.212,7.674
Polvere Alchemica,8.111,3.145,9.676,2.176,6.083,10
Rihannabicchiere Gelo,5.553,3.081,8.08,2.31,6.925,9.614
Uistitì Ananas Radiatore,5.242,5.333,7.683,3.515,5.938,8.319
Ranocchio Mango Lampada,6.264,4.268,6.556,2.399,4.293,9.114
Lacrima Sonora,8.329,2.311,9.823,2.914,6.094,8.059
Scrivomatto Penacchio,5.244,4.179,9.741,4.141,6.103,8.831
Ballata Eterea,9.036,2.529,9.96,2.83,6.752,8.541
Scassinoncio Chiavatta,3.791,8.151,9.792,4.582,6.103,7.359
Cinghialino Limone Teglia,4.491,7.498,7.524,4.195,5.904,7.74
Terra Abissale,7.206,4.401,10,3.724,6.83,9.7
Cavalluccio Mirtillo Spazzolino,7.877,3.614,5.562,2.398,4.151,9.156
Birraterrore Tuono,4.167,8.174,9.279,4.543,5.118,8.693
Forza Cosmica,7.376,5.001,9.805,3.521,6.911,7.041
Capra Cocco Tavolino,5.323,6.071,7.496,5.45,6.816,7.661
Malnato Pannolazzo,4.839,5.7,9.96,3.073,5.15,8.872
Pipistrellino Fragola Cucchiaino,8.751,3.632,6.399,2.818,4.778,9.778
Orticchicoria Agata,7.721,4.01,8.969,3.3,6.267,9.659
Cacciatorenvidia Verde,4.48,8.67,9.812,5.354,5.661,7.004
Arpazanzara Panico,4.691,7.572,9.835,3.91,6.408,8.35
Tropic e Chipa Vuole Nulla Trippers Trulimero Trulicina Trer Tricina Ile Tin In Piscina Formaggio Sulla Trulla Lima,3.298,6.283,8.151,5.136,5.248,7.586
Trombonemaggiolino Mania,6.581,6.702,10,4.994,6.425,8.73
Frammento Urgente,7.438,3.987,9.147,2.606,6.702,9.647
Brivido Soffice,10,1.853,7.769,2.03,6.32,10
Spaghettimisero Grigio,4.265,6.755,9.572,4.365,5.754,8.363
Bruschettatensione Verde,5.701,5.28,8.872,3.463,5.08,8.639
Gnocchidisperazione Grigio,4.536,6.313,10,5.331,4.128,7.931
Sophiata Tempesta Perdita,3.601,2.0,1.276,2.923,3.62,7.916
Wakinglenticchio,8.996,2.002,7.68,2.663,5.438,9.438
Ippopotamino Lampone Camion,2.477,8.41,7.171,9.392,6.562,5.036
Contascorreggia Fattufino,4.106,4.56,9.768,3.491,4.275,8.76
Sfera Inquieta,9.099,2.258,9.049,2.397,6.085,9.16
Autistofango Baccalunto,3.458,7.106,9.288,5.53,5.164,7.742
Lamento Cosmico,6.89,4.002,10,2.457,7.821,8.789
Tartarughina Banana Secador,7.366,3.4,6.499,4.499,5.085,8.496
Spazzola Cuore,9.867,1.953,7.815,2.342,6.996,10
Varicelzucchina Tormalina,5.138,6.383,9.708,3.171,6.87,8.899
Frivolo Stendinaccio,5.889,3.137,9.57,4.117,5.187,8.297
Castorino Melagrana Rullo,6.668,5.023,6.107,3.784,4.561,8.784
Pipistrello Banana Televisore,4.623,7.881,8.098,3.851,5.363,7.591
Lombrico Melagrana Pennarello,7.781,3.271,6.262,1.92,4.381,9.599
Ruggito Selvaggio,4.225,10,9.843,9.466,8.572,3.44
Frangia Cosmica,9.123,1.607,9.046,2.488,6.329,10
Salamandra Papaya Stendibiancheria,5.947,5.553,6.645,3.042,5.153,7.21
Bassocicala Follia,5.07,6.246,10,4.564,6.624,8.245
Ombra Speziata,8.977,2.241,8.787,2.596,6.957,9.3
Braciola Mistica,7.518,3.008,9.395,3.638,6.696,9.087
Cristallo Furioso,7.894,4.623,10,2.043,6.085,9.511
Spritzinfluenza Tempesta,6.691,5.26,10,4.498,5.79,9.656
Solitudine Grigia,7.064,3.945,9.823,2.505,7.975,9.354
Cameroscroto Pastonello,5.969,4.713,9.22,3.2,5.689,8.522
Postitrullo Letteraccio,6.169,3.779,8.927,4.247,4.722,8.44
Pancreatinastro Pirite,6.21,6.407,9.352,3.369,6.816,8.227
Felice Bracciolone,8.601,3.026,6.823,5.531,5.415,8.898
Goccia Cannibale,6.827,4.993,10,2.361,7.142,8.203
Morbido Piumaccio,8.871,2.156,7.201,2.407,4.092,9.593
Grappareumore Fiamma,5.635,6.006,9.148,4.088,6.26,8.648
Marmotta Banana Tagliere,9.551,2.398,5.491,2.218,3.203,9.153
Pollo Elettrico,8.574,7.131,9.15,3.489,8.275,7.194
Cuore Distorto,7.858,3.633,10,2.446,7.047,7.453
Bradcoltello Foschia,5.481,4.271,7.509,3.79,5.718,9.579
Delfino Pera Miscelatore,6.773,4.076,7.053,5.614,6.24,7.548
Topolino Cocco Orologio da Parete,9.445,2.928,5.601,2.761,4.776,10
Beyoncepentola Grandinata,7.777,5.523,9.163,3.541,6.938,8.38
Porcellino Kiwi Bilancia,7.666,3.38,6.767,3.567,5.095,8.1
Nevrastenico Cacciavitto,2.567,8.181,10,4.846,6.377,6.193
Grapparitite Nebbia,4.81,6.551,8.271,3.755,5.537,8.58
Vendivomito Scassabrutto,4.439,7.287,10,5.13,5.07,7.373
Brasilini Birimini,7.547,3.127,8.613,4.951,5.736,8.537
Anatroccolo Melone Triciclo,9.481,2.976,5.948,1.225,3.636,10
Bronchivitepatata Pirite,5.723,5.359,7.092,4.183,6.049,9.146
Confuso Piattone,4.847,4.399,8.778,5.039,5.277,7.377
Restapello Stoppo,8.828,2.314,6.415,2.909,6.455,9.796
Afflitto Portavivandezzo,5.962,4.984,9.634,4.645,5.771,7.479
Bramoso Coperchione,4.132,6.432,9.655,5.198,6.37,7.72
Zucchina Allegra,10,1.2,7.741,2.241,6.066,9.369
Brodo Canterino,8.26,1.276,8.838,2.381,6.734,10
Gessatorrendo Scracchino,4.118,6.151,9.766,5.907,5.715,7.53
Gufetto Uva Casco,8.965,3.051,6.552,2.955,4.538,9.809
Carta Bagnata,9.126,1.425,8.327,2.883,5.827,10
Gattone Fragola Secchiello,8.631,3.072,6.623,3.334,4.902,9.675
Pipistrellino Pera Forchettina,7.041,3.033,7.648,2.706,4.071,9.238
Mirrenfrusta Tifone,5.266,5.727,9.303,3.592,5.024,9.944
Violavermetta Nevrosi,5.037,5.765,9.46,4.445,5.467,9.147
Porcospino Limone Cestino,6.147,4.203,6.974,2.324,4.387,9.307
Amaronedisagio Fumo,5.321,6.711,8.257,3.718,5.5,8.796
Homurita Tempo Magiata,9.505,8.471,6.295,2.057,1.907,8.054
Flautomoscone Disperazione,4.813,6.706,10,3.379,5.044,8.967
Triste Frigorifettino,4.61,4.464,9.248,6.435,5.525,7.613
Cuore di Magia,9.838,2.108,8.409,2.754,7.178,9.632
Blueberry Octopusini Bloop Bloop Bloop Octopusy,7.414,2.167,6.097,1.439,4.428,7.044
Deartetto Sogno,8.838,2.9,7.93,2.19,7.902,9.963
Asmabasilico Onice,5.966,4.009,7.618,2.29,6.087,9.358
Volpina Uva Mascherina,7.647,4.686,6.969,2.365,5.278,8.204
Marmitta Cantante,8.101,2.993,8.015,3.495,6.129,9.899
Geco Papaya Stampante,6.438,4.377,7.099,2.051,5.791,8.955
Barbisputa Rasponello,6.021,6.468,9.913,3.489,4.357,8.237
Bananucci Monkey Monkey Monkeyci,6.426,3.398,8.902,3.519,4.551,8.824
Mojitolacrima Roccia,5.73,5.898,9.497,4.032,5.15,8.008
Salamandra Melagrana Padella,5.176,6.164,7.432,3.745,4.5,8.997
Pellicano Mirtillo Termometro,6.965,5.939,7.002,6.859,6.87,7.031
Maccherone Calmo,7.777,1.768,6.828,2.721,5.232,8.391
Sirena Elettrica,3.288,6.232,8.103,4.486,6.249,7.989
Affamato Cavatappone,9.273,3.633,9.025,2.135,8.268,9.448
Mare Senza Fine,8.238,3.497,9.681,2.291,6.662,10
Salsiccia Fragile,8.37,2.099,7.78,3.08,5.164,9.69
Castoro Banana Bicchiere,8.245,3.275,5.287,3.281,4.283,9.709
Violonottola Ansietà,5.584,6.588,9.76,4.97,5.033,9.403
Risata Notturna,8.154,2.606,9.853,2.333,7.431,9.223
Madoka Magiquita,6.892,5.076,8.183,3.681,6.498,9.971
Gagaspremilimone Vento,6.214,4.008,8.403,2.03,5.033,9.191
Chitarronzo Solfeggione,6.208,3.068,8.422,3.204,5.883,9.739
Bre Patapim,4.146,5.369,9.215,5.704,6.614,8.583
Canarino Melone Tappeto,9.686,1.18,5.139,1.793,3.93,10
Cortissimo Pettinaccio,7.558,2.809,6.683,2.279,4.104,8.237
Donnola Uva Microonde,5.694,6.022,7.407,3.844,5.95,8.714
Istrice Fragola Gabbia,5.051,6.468,7.129,3.186,5.216,8.215
Spirito della Montagna,7.746,4.428,9.94,3.127,6.121,10
Scoiattolino Lampone Tastiera,8.546,3.676,5.393,2.058,4.811,9.217
Caffestitichezza Tuono,4.052,7.654,8.649,3.901,5.56,8.732
Sleepiatto Buono,8.131,2.493,6.002,2.098,6.531,9.64
Crepuscolo Elettrico,8.562,2.946,9.803,2.145,7.472,9.77
Caponatasconfitta Blu,5.139,6.007,9.601,4.156,5.028,8.664
Marmottino Kiwi Temperamatite,8.468,3.89,6.733,2.486,4.279,9.544
Arancia Melodica,9.264,1.856,7.789,2.851,6.896,9.545
Epilessibroccolo Tormalina Nera,5.199,5.556,10,3.851,6.864,8.284
Bruma Flessibile,9.294,2.092,8.707,2.667,6.445,9.603
Gufino Fragola Lampada,7.958,3.007,6.189,2.188,3.958,9.812
Spritzapatia Bruma,6.323,3.559,8.626,3.605,5.703,9.629
Vento Speziato,9.318,2.209,8.269,3.776,6.252,9.676
Ridondante Gommaccio,4.512,5.32,8.029,5.015,4.421,7.173
Tamburettolocusta Frustrazione,6.183,6.227,9.242,3.399,6.654,8.273
Cristallo Spento,9.944,1.236,8.377,2.737,6.68,9.393
Marmottino Papaya Caricabatterie,7.557,3.134,6.844,2.508,4.991,9.042
Istrice Papaya Mappamondo,6.571,4.847,6.68,3.103,5.911,8.97
Arpavermetta Paranoia,7.277,4.744,9.529,3.334,5.647,8.166
Cagnolino Kiwi Frigorifero,6.633,4.621,7.677,4.794,6.148,8.241
Stella Oscura,8.806,3.522,9.115,2.754,6.257,7.959
Cervo Lampone Calzascarpe,7.476,4.422,6.313,4.515,5.555,8.287
Goccia Gelata,10,1.223,8.883,1.168,7.974,9.617
Lucertola Mora Aspirapolvere,4.521,6.544,8.988,2.942,5.643,8.806
Deppmestolo Fuliggine,5.225,5.076,9.792,3.598,6.046,9.581
Bittervaiolo Fumo,4.921,7.337,9.168,4.557,6.335,8.903
Criceto Papaya Dado,9.919,1.187,5.935,1.285,3.987,10
Calzoneodio Nero,3.984,8.273,10,5.562,5.71,6.119
Pellicano Mango Proiettore,4.23,6.151,7.301,7.968,7.63,7.427
Fenicotterino Pera Giradischi,8.977,2.274,6.166,3.592,4.149,9.432
Sbuffante Soffiacchiotto,5.889,4.107,8.826,3.914,4.309,9.321
Gastritipomodoro Larimar,5.403,5.573,8.965,3.729,5.473,9.286
Vita Perduta,7.411,4.277,9.657,3.722,6.87,9.005
Gangst Fruteira Criminaleira,4.202,7.695,8.095,5.344,5.47,7.147
Timodino Tino,6.622,4.062,9.273,3.436,7.388,8.273
Lucertolino Pera Calcolatrice,7.478,3.495,6.35,2.348,5.352,8.646
Armonicacimice Caos,5.567,6.278,9.265,3.697,5.243,8.396
Pizzagioia Rosa,8.296,2.477,6.085,3.91,5.993,9.503
Lercio Secchiellaccio,2.384,7.168,9.412,5.853,5.059,6.93
Maialino Maracuja Vassoio,8.747,3.32,6.917,3.844,4.331,9.372
Serpentello Melagrana Contenitore,4.777,7.813,8.737,4.827,5.206,7.47
Pulsarina Ribelle,8.855,2.039,9.374,2.772,6.47,10
Mandolinaragno Rabbia,5.373,7.414,9.248,4.482,6.031,8.674
Leprotto Kiwi Mixer,8.496,3.209,6.282,2.574,4.698,9.799
Leoimbuto Foschia,5.841,4.468,8.394,3.673,5.644,9.342
Gradetino Facile,9.523,2.787,7.688,2.973,6.207,10
Cupo Lucernaccio,3.069,7.365,9.544,5.332,5.406,6.477
Ghiro Melone Cappello,8.604,3.4,5.11,2.898,4.162,9.262
Sghembo Zampirone,3.562,5.588,9.375,4.191,5.258,8.431
Fenicottero Fragola Piumone,8.531,2.909,5.713,6.196,4.638,9.357
Ruggente Straccettone,2.742,8.982,8.472,5.44,6.273,7.041
Pannacottamore Bianco,9.537,1.422,6.445,2.295,4.199,10
Pipistrello Lampone Ventaglio,6.24,5.677,7.975,2.66,5.86,8.122
Cignolino Fragola Innaffiatoio,7.534,3.871,5.056,4.897,4.818,9.612
Alopeciaspinacio Calcite,6.194,5.363,8.242,2.817,5.709,9.064
Urubini Flamenguini,4.288,6.654,7.297,5.766,5.289,6.795
Draghetto Uva Catapulta,3.509,8.749,9.618,5.992,6.867,7.123
Cignolino Mirtillo Lampione,7.188,3.709,6.404,3.928,4.726,9.112
Cavallino Fragola Piuma,8.788,3.918,5.683,2.908,3.417,10
Cornoscarabeo Terrore,3.851,8.13,10,5.631,6.334,7.35
Cinghialino Mela Forchetta,4.538,6.536,7.768,4.799,5.944,7.07
Anistonimbuto Temporale,6.997,6.581,9.699,3.827,6.32,8.837
Pavoncello Limone Rubinetto,8.102,3.744,6.966,3.811,5.246,8.447
Ascaridiasalvia Rodonite,4.241,5.567,8.297,2.172,5.914,9.768
Topolino Cocco Dispenser,8.265,3.662,6.118,1.855,4.558,9.151
Forza della Fiamma,9.79,3.531,9.748,3.276,7.5,8.938
Febbrucarota Quarzo,6.525,5.051,8.844,3.414,6.354,9.541
Pockletto Crocco,7.913,3.716,7.353,2.4,7.543,9.087
Panino Confuso,6.109,4.241,8.737,2.584,6.968,9.392
Capretta Mora Gomitolo,9.174,2.71,5.715,2.561,3.405,10
Pappagallino Maracuja Piumone,8.003,2.439,6.876,3.956,4.531,9.091
Melanita Martinera,6.792,2.777,8.371,2.838,5.481,8.885
Pizza Onirica,8.731,2.646,9.055,3.265,6.436,10
Zendeaffetta Burrasca,7.062,6.484,9.839,2.615,6.001,9.24
Tamburo Calante,7.279,2.158,9.741,2.274,6.039,8.723
Stivale Profumato,7.638,2.43,7.615,2.289,6.08,8.932
Ombra del Vuoto,7.325,4.223,10,3.843,6.69,6.512
Raggio di Speranza,10,2.298,9.624,2.563,7.889,8.816
Bianco Profondo,10,2.5,8.022,2.229,6.104,9.185
Pappagallo Mirtillo Lente,7.851,3.832,6.38,3.295,4.046,9.831
Billiegrattino Vento,6.692,4.217,9.339,3.882,6.942,9.439
Crepuscolo Vocale,8.417,2.404,9.081,2.155,6.838,8.711
Ulcerabietola Ametista,7.882,4.937,8.587,3.481,6.919,8.375
Gabbiano Limone Casco,6.351,4.08,6.95,5.702,4.693,8.699
Bruschettasdegno Viola,4.776,7.581,9.191,4.919,5.944,7.627
Elefantino Pera Telefono,5.353,4.375,7.497,9.287,5.922,7.673
Puzzolino Mirtillo Forbice,6.759,5.299,7.011,2.714,4.117,8.129
Mente Astratta,9.89,2.706,9.799,2.613,6.126,8.655
Geco Uva Grattugia,6.704,4.001,6.398,2.539,5.674,9.995
Onactino Alto,6.395,6.74,9.843,3.646,7.147,8.952
Cornobruco Tristezza,5.338,6.635,8.998,3.024,6.112,9.2
Vorace Barattolone,2.21,7.669,9.576,6.535,6.444,6.101
Sprezzante Stendipanni,3.118,6.206,8.357,5.849,5.278,6.526
Espressovampata Fumo,5.352,6.777,8.309,3.641,5.864,9.916
Bigabbiano Mare,6.202,4.63,8.508,3.337,6.998,8.083
Anginamelanzana Smeraldo,5.135,4.186,7.777,4.014,6.291,9.167
Caffetremore Lava,4.004,7.45,9.122,4.208,6.975,8.775
Jolieimbuto Bruma,6.748,4.426,9.699,3.166,6.302,9.498
Luna dell'Anima,8.834,2.217,9.628,3.028,6.317,10
Zendayagrattugia Grandine,7.213,5.608,8.24,2.027,6.354,9.515
Salamandrina Cocco Manopola,6.662,5.245,6.532,2.156,4.139,9.584
Gatto Mora Tenda,7.684,4.487,6.269,3.427,4.565,8.069
Allegro Cuchinello,6.035,3.278,8.753,4.607,5.597,7.725
Magia della Luna,10,1.727,9.186,2.026,7.022,9.233
Bancascemo Fognabrillo,3.905,5.296,8.136,4.305,5.747,8.426
Cinghialino Mango Tostapane,3.862,7.332,8.234,6.73,5.893,7.856
Tung Tung,1.129,9.073,10,1.553,6.614,7.484
Streepfiltro Nebbiolina,7.945,4.119,8.448,3.385,6.55,9.5
Tamburettomillepiedi Apatia,5.277,5.815,8.644,3.492,5.821,9.658
Trampo Pasticcio,8.717,2.658,6.89,2.042,8.426,9.768
Clarinettoape Mania,5.478,6.715,8.084,3.344,6.211,8.005
Insetto Astrale,10,1.344,9.47,1.928,6.741,9.153
Rachiticetriolo Selenite,8.85,2.596,9.569,3.443,7.381,9.585
Limone Disperato,8.803,3.873,9.833,2.942,7.69,9.435
Illusione Infinita,9.997,3.494,9.788,3.84,7.534,8.284
Salmonellapomodori Diaspro Verde,6.307,6.925,9.647,3.307,6.138,8.568
Volpino Papaya Ombrello,7.64,4.533,6.532,4.52,4.68,8.346
Gabbiano Uva Pennello,6.645,4.266,6.518,3.345,4.778,8.519
Vinoscollera Vento,5.221,6.026,9.575,4.21,5.512,8.309
Chitaracicada Frustrazione,6.327,5.003,9.353,4.71,6.277,8.389
Cavalluccio Banana Lanterna,6.136,4.411,6.922,3.312,5.393,8.815
Curvo Cappottone,4.651,5.2,7.893,6.457,5.963,7.818
Violastracco Struscione,5.014,4.534,8.921,4.176,6.521,8.611
Gentile Stufino,8.715,1.799,6.567,2.159,4.802,7.073
Teediabete Tempesta,5.828,6.758,8.238,3.377,5.633,8.09
Coccodrillino Pera Pentola,4.441,8.325,8.847,6.957,6.66,6.268
Crespellansia Grigio,5.276,6.93,9.667,4.231,5.177,8.668
Infinito Vento,9.487,3.868,10,2.877,8.496,9.51
Fiato Meccanico,8.668,2.397,8.816,2.626,7.058,9.853
Cortese Innaffiatone,7.758,2.595,6.774,5.081,5.764,8.089
Castoro Mela Candelabro,6.965,4.588,6.477,4.384,4.802,8.689
Wapastellino Leggero,8.799,2.749,6.768,2.015,6.012,9.802
Coda del Fato,9.266,3.98,10,2.199,6.273,7.474
Pavone Melagrana Lanterna,7.218,4.269,6.437,5.827,5.034,8.457
Sogno di Luce,10,1.78,8.795,1.141,8.265,9.697
Calmo Cartellino,5.418,3.978,7.305,2.421,4.746,7.844
Anatroccolo Papaya Appendiabiti,9.968,2.179,5.906,2.056,4.581,10
Cinetesco Largo,7.749,3.629,7.52,3.926,7.385,10
Fuoco Gelido,9.348,3.11,9.601,2.154,6.296,7.021
Spirale di Luna,9.512,3.48,10,2.114,6.832,8.66
Segnapanza Ruttasquillo,6.743,3.44,9.445,3.731,5.449,9.085
Piuma Ribelle,9.873,2.318,8.233,2.226,6.907,9.987
Donnola Melone Piatto,6.269,5.13,7.488,3.303,5.739,8.858
Talpa Fragola Moka,5.017,5.329,6.701,3.217,5.893,7.901
Fabbroceffo Puzzalampo,3.596,6.887,10,5.351,5.1,7.166
Cantacacca Strozzaforte,5.423,6.898,9.731,4.345,5.764,8.88
Bigtellina Piccola,9.638,2.263,7.057,2.175,6.654,10
Acquapanico Bruma,6.403,4.208,8.69,3.505,5.152,9.197
Tartarughino Banana Termos,9.145,2.262,5.418,2.744,3.035,10
Mozzarella Timida,10,1.676,6.875,2.763,5.439,10
Cavalluccio Maracuja Bicicletta,6.984,4.456,6.738,3.77,5.453,7.06
Eco Fragola,10,1.394,7.138,1.057,6.126,10
Violonottola Panico,5.649,7.501,9.295,4.211,6.612,8.271
Covidporro Ossidiana,5.185,6.511,9.868,2.694,6.363,9.584
Oscuro Candeliereccio,4.699,6.524,9.948,4.476,5.54,7.263
Paizuchino Dolce,7.797,3.361,8.046,2.697,6.673,10
Limonitisole Lava,6.625,5.627,7.636,4.551,5.902,9.172
Scostante Grattapiedone,3.526,6.3,8.681,4.428,5.927,7.177
Ombra Fragile,8.019,2.634,10,2.672,7.407,8.633
Battanzaro Zitto,6.078,5.265,9.788,3.683,7.607,8.569
Tranquillo Sgabellino,6.819,2.42,7.343,3.818,4.572,8.762
Lasagnacredenza Verde,6.379,3.301,7.513,4.722,5.917,8.873
Volta Selvaggia,7.304,3.128,9.295,2.631,6.433,8.977
Spritzorzite Fulmine,4.002,7.927,10,4.12,5.984,8.067
Flyalino Vento,7.846,3.262,8.723,2.102,6.083,9.01
Magia del Silenzio,10,1.186,10,2.407,6.235,9.229
Scimmietta Pesca Stendibiancheria,6.927,5.611,8.045,3.409,4.057,9.925
Fata della Notte,9.026,2.246,9.847,2.511,8.765,10
Lucertola Fragola Apribottiglie,6.48,5.293,7.128,2.918,5.861,8.828
Cervo Pesca Piatto,6.037,4.444,6.466,5.99,5.032,7.47
Torvo Ventagliaccio,4.218,7.765,9.151,4.901,5.506,7.0
Speziato Frullonaccio,4.907,5.645,9.024,4.228,6.024,7.116
Keanuaffettatrice Fulmine,6.308,5.855,9.226,2.578,6.655,9.928
Topolino Papaya Lattina,9.628,2.847,6.105,1.503,4.456,10
Cappello Matto,9.916,1.401,10,2.629,6.677,10
Volpetta Lampone Pad,8.468,3.437,5.865,2.496,4.869,9.087
Rinoceronte Lampone Martello,2.489,9.435,8.167,9.602,6.018,6.752
Geco Melone Pallone,7.587,3.339,6.23,2.697,4.678,8.1
Topino Mora Fermacarte,8.552,3.625,6.829,1.224,3.768,10
Cacchiallegrone Tegoloso,7.349,2.389,7.678,3.524,5.573,9.518
Coccodrillino Cocco Lavatrice,2.306,9.168,8.949,9.348,7.844,6.667
Tempesta Molle,7.728,3.49,8.265,2.445,6.684,9.115
Palude Incantata,8.63,2.335,8.383,3.286,7.168,9.111
Riflesso di Speranza,10,2.209,8.862,2.389,8.178,9.575
Armonicatarma Stanchezza,6.761,4.529,8.458,3.699,5.97,8.09
Talpino Kiwi Telefono,6.522,4.294,6.822,2.086,5.89,8.077
Pofunghetto Funghi,9.952,2.778,7.386,2.83,6.313,10
Ninna Anarchica,8.962,2.545,9.531,2.055,6.188,10
Ghiro Uva Posacenere,7.132,4.512,6.085,2.87,4.976,8.869
Vinosofferenza Ghiaccio,6.787,5.646,9.171,3.832,5.154,9.762
Cervo Cocco Candelina,6.07,4.334,6.445,5.732,5.796,8.71
Pavone Banana Tovagliolo,8.301,3.87,5.669,3.808,4.494,9.706
Donnola Pera Ragnatela,6.01,5.311,7.401,2.7,4.214,8.715
Cavallino Mela Mattarello,7.331,4.434,6.877,3.028,4.603,8.614
Ghiro Maracuja Mestolo,8.367,2.803,6.629,2.32,4.94,9.462
Tetanocipolla Lapislazzuli,6.57,6.754,9.576,3.763,5.471,8.11
Pianopulce Delirio,6.433,5.571,9.182,2.772,5.656,9.912
Vento Arcoirizzato,8.972,2.9,9.686,2.219,6.602,10
Delfinetto Pera Ventilatore,7.612,3.156,6.525,5.612,5.371,8.631
Bjolesta Venusa,5.772,3.654,9.889,4.793,2.291,5.501
DiCaprioscolapasta Fuliggine,5.644,6.667,9.7,3.425,6.33,8.942
Dubbioso Ombrellaccio,5.713,5.108,9.286,4.743,4.732,8.824
Trambisotto Fritto,8.246,2.396,6.609,2.346,8.502,9.876
Golubro,5.341,4.817,6.018,3.205,4.759,6.664
Cigno Uva Contenitore,7.065,3.84,6.518,5.898,5.009,8.433
Carbonaranoia Viola,4.226,8.263,10,4.806,5.883,7.446
Sacrestonfo Benedacchio,5.564,5.676,8.601,4.631,5.213,8.516
Scoiattolo Maracuja Portapenne,9.913,2.063,5.037,2.569,3.817,10
Pigro Coperlaccio,6.314,2.252,8.342,4.704,4.238,8.174
Tagliatellatimore Rosso,5.324,7.372,9.959,4.571,6.004,8.487
Melanzanapensiero Viola,4.657,5.218,8.931,4.745,5.223,8.725
Gatto Cosmico,9.301,2.39,7.644,2.264,6.575,10
Resgelatino Freddo,8.895,3.116,6.508,2.596,5.293,10
Pittscodella Nevischio,6.77,4.084,8.68,3.01,6.714,9.578
Pennello Nervoso,7.236,3.464,9.665,2.741,7.326,10
Encefalitebarbabietola Zaffiro,4.095,6.344,10,3.501,6.842,8.997
Clarilocusta Tristezza,6.334,5.38,9.125,4.305,5.111,8.35
Sicketorri Bello,8.688,4.051,10,2.877,8.368,9.039
Ombra Magica,7.827,4.028,10,3.505,7.514,8.127
Fastidioso Saponaccio,2.443,7.962,9.704,4.42,6.937,7.526
Salamandra Mora Portaoggetti,6.799,5.301,7.254,3.739,5.181,8.847
Fruttavomito Stendipanni,6.402,2.376,9.434,3.711,5.26,9.378
Requiem Mistico,8.668,3.155,9.648,2.928,6.308,8.996
Lombrichino Mela Zaino,7.336,3.04,6.208,1.127,4.105,9.063
Todiratta Gustosa,8.404,3.929,7.977,2.416,6.564,10
Risotto Piangente,8.232,2.2,9.069,2.693,6.876,10
Coccodrillino Mela Trombetta,5.486,7.497,7.71,5.91,5.806,7.789
Clarimaggiolino Follia,5.982,6.287,10,4.939,6.46,8.774
Opossum Maracuja Cintura,6.817,5.401,6.771,3.127,4.287,8.716
Biscotto Rumoroso,8.561,2.705,8.921,2.48,6.194,10
Maialino Lampone Scatola,8.796,2.492,6.647,2.624,4.795,9.979
Spettro del Deserto,8.719,3.459,9.446,3.435,7.641,9.893
Lemurino Melanzana Forchetta,8.838,2.444,6.401,3.381,4.629,9.352
Calamaio Selvaggio,8.456,3.639,8.359,3.176,6.357,9.65
Vortice Gentile,9.613,2.706,8.729,2.918,6.726,9.945
Rockspremiaglio Fulmine,6.923,5.157,9.407,3.382,6.751,9.08
Strambo Tappettino,5.372,5.483,9.331,4.861,5.562,7.656
Tonto Scarpino,7.372,2.622,7.208,3.347,4.364,9.59
Actisucchio Veloce,7.652,4.591,10,3.127,6.657,8.416
Grappalergia Neve,6.076,4.02,7.127,3.777,5.408,9.496
Scimmietta Mirtillo Casseruola,6.392,5.952,7.36,4.669,4.162,9.008
Cruisezuccheriera Lampo,5.982,5.85,9.649,2.432,5.981,9.383
Violafarfalla Ansietà,7.973,4.403,8.859,3.859,6.741,9.853
Canto Balordo,8.584,2.805,10,2.973,7.825,9.558
Stitichettimo Cristallo,5.431,4.795,8.948,3.216,5.587,9.991
Molle Pasticcione,6.945,3.201,9.005,3.721,4.893,9.429
Malariarucola Granato,6.213,6.154,9.801,3.752,6.761,8.005
Ridente Pungiglionaccio,6.114,4.903,8.582,3.44,6.666,8.92
Spazzastruzzo Ramazzella,3.856,6.139,9.7,4.281,5.685,8.922
Ridicolo Spazzolaccio,5.878,4.984,8.877,4.859,4.199,9.637
Cavallino Mora Portaocchiali,8.092,2.634,6.878,2.971,4.242,10
Tormento Astrale,6.032,5.189,9.214,3.294,6.493,9.151
Mandolinomosca Noia,6.448,5.459,8.29,3.787,6.259,8.692
Fenicottero Mora Cestino,8.693,3.049,6.724,3.344,4.172,9.492
Cangurini Banana Ombrelloni,6.917,5.564,7.81,8.397,6.845,8.443
Limoncelloraggia Fulmine,4.805,8.828,9.69,4.483,5.096,8.63
Maialino Kiwi Pennarello,9.683,2.959,6.473,2.378,3.462,9.516
Canarino Melagrana Vaso,9.078,2.174,5.416,2.524,3.057,9.299
Amaronemorbillo Fiamma,5.563,6.299,9.379,4.204,5.422,8.687
Bombard Bombardo Ballerina Cappuccina No No No Espressor Ballerina Cappuccino No no no Espressor Frigo,9.789,2.741,10,2.055,7.72,8.178
Rihannacoltello Rugiada,6.263,3.335,8.205,3.863,5.775,9.776
Tempesta della Luce,8.935,3.691,9.206,3.4,6.369,8.578
Porcospino Kiwi Cornice,7.962,4.168,6.555,2.978,4.473,8.644
Abisso di Cera,4.508,7.638,9.534,5.488,7.219,8.069
Slanciato Schiaccianocce,6.678,5.393,8.332,4.091,6.25,8.799
Camparicalo Lava,5.622,7.969,9.933,4.465,6.492,8.771
Minestrasolitudine Turchese,5.902,4.74,8.023,3.673,5.001,8.547
Spirale Bianca,9.645,1.246,8.915,2.371,6.925,9.084
Lemure Fragola Porta,7.961,3.972,6.106,3.054,4.258,9.001
Essenza Bizzarra,8.238,2.118,9.589,2.727,6.694,9.765
Inquieto Stropicciatone,4.299,5.937,10,4.012,5.895,8.872
Gattino Mora Cucchiaio,9.969,2.436,6.58,2.813,4.339,8.992
Chinottorrea Roccia,4.517,7.522,8.081,4.557,5.835,8.791
Fiume di Sogni,8.07,2.025,10,3.786,6.316,10
Bretanello Noce,5.714,5.322,9.205,4.746,6.0,8.379
Pasticcafone Schizzotto,7.243,3.777,7.106,3.494,4.659,9.638
Lattonzuffo Martellazzo,4.157,7.923,8.0,5.975,6.254,7.853
Gattoni Ananas Martellino,7.033,4.787,8.805,2.07,5.595,7.478
Cacciabuco Tintocchio,4.616,6.526,8.062,4.194,6.409,8.297
Tifocardo Ferrosite,4.502,6.838,9.285,4.087,6.552,8.356
Maialino Fragola Spremiagrumi,9.187,2.818,6.398,2.374,3.912,9.004
Gattino Fragola Cavatappi,9.135,2.477,5.921,1.926,3.985,10
Stella Impazzita,8.214,3.19,10,2.563,6.705,9.213
Cavallo Drago Litchi Ventilatore,3.671,9.328,9.82,7.585,6.015,6.795
Focchetta Kiwi Cuscino,8.912,2.598,6.242,3.745,4.564,9.968
Scontroso Lampadario,2.514,7.776,8.162,6.077,5.833,6.335
Spumantite Bruma,6.404,4.234,8.97,3.139,5.706,9.153
Anatroccolo Melone Gomitolo,8.056,2.115,6.119,2.522,4.4,9.731
Riccetto Mela Orologio,8.347,2.974,5.532,2.962,3.138,10
Crespellira Fucsia,7.817,3.914,6.484,3.72,4.694,9.551
Sambucafreddo Ghiaccio,6.845,4.852,7.823,3.482,5.402,9.213
Scoiattolo Lampone Stivale,8.026,3.946,5.642,2.197,4.321,9.14
Caffè Saltellante,9.557,1.035,8.272,2.62,7.136,10
Leprotto Pesca Teiera,8.39,3.115,5.149,1.231,4.224,9.618
Rockimbuto Rugiada,6.481,3.293,7.842,3.472,5.044,9.716
Cuore di Ombra,7.73,4.526,10,2.229,7.599,7.464
Pianozanzara Depressione,6.879,5.219,9.051,4.534,5.759,9.659
Frogolino Festoso,9.28,3.61,8.315,3.441,6.35,10
Serpentello Ananas Pennello,2.103,8.704,10,4.955,6.486,7.127
Camparitubercolosi Bruma,4.382,7.53,9.422,4.731,6.216,8.212
Delfinetto Papaya Secador,7.671,3.761,6.719,5.952,6.901,8.238
Orticaradicchio Amazzonite,5.939,4.598,7.455,3.634,6.262,9.636
Pipistrellino Fragola Chiavetta,8.315,2.195,6.483,2.747,4.04,9.706
Rosoliarucola Malachite,5.685,4.506,8.659,3.171,5.429,9.769
Gufo Limone Binocolo,6.209,5.198,6.637,3.231,5.118,8.996
Zebrachini Zebra Zebra Zebraini Zip Zip,5.877,4.078,7.708,6.644,4.373,7.046
Incanto della Luna,10,1.379,9.977,2.151,8.375,9.358
Uccellino Melone Finestra,8.601,3.171,9.657,2.755,7.375,9.765
Cavalluccio Ananas Tagliere,6.669,4.93,6.16,3.923,4.525,8.632
Cinghialino Uva Pannello Solare,4.696,7.576,7.547,6.201,6.711,6.234
Fenicottero Melone Filtro,7.884,3.299,5.116,4.921,4.246,8.169
Tonsilliteravanello Agata Verde,6.202,5.25,9.546,3.903,6.918,9.984
Acquacholera Fumo,5.845,7.128,9.713,4.813,6.235,8.188
Bruschettagratitudine Giallo,6.601,2.536,7.273,2.386,4.219,9.894
Polpettino Mango Aspiratore,5.712,6.217,9.52,6.415,7.845,6.873
Pipistrello Papaya Altalena,6.827,4.812,7.071,3.776,5.948,8.516
Tramezzindignazione Giallo,3.308,6.618,10,4.577,4.031,8.542
Squilibrato Polpettario,4.82,6.556,10,5.96,5.496,7.29
Porcellino Uva Tagliere,7.929,3.95,6.444,3.324,4.813,9.974
Teeanemia Vento,5.929,4.308,7.888,3.998,5.267,9.84
Ghiacciato Bottiglione,2.641,6.384,8.019,5.292,6.957,6.002
Slim,6.832,4.713,7.84,1.016,4.607,6.831
Elonmestolino Fuliggine,5.07,4.398,8.576,3.892,6.987,9.983
Zendayacoltello Tornado,5.486,5.392,9.103,3.834,6.679,8.132
Caffedelirio Tuono,4.089,7.27,10,4.4,5.141,7.06
Archetruzzo Piastrolone,3.652,6.369,9.304,4.497,6.195,7.83
Puzzolino Fragola Scatoletta,7.785,3.338,6.436,2.931,4.538,9.623
Mojitocoriaceo Tuono,4.788,7.419,9.34,4.098,6.298,8.696
Kendriki Bombariro Lamarito,5.676,3.758,8.479,3.002,6.664,9.948
Tartaruga Cocco Bicicletta,5.434,4.913,6.358,5.935,5.001,7.984
Cervo Cocco Coppa,6.571,4.781,6.582,5.108,5.903,8.995
Slefiorano Soffice,8.66,2.329,6.47,2.693,6.093,10
Raggio di Luna,9.657,2.594,9.619,2.047,7.006,10
Meccatrasto Vongolazzi,3.21,6.068,9.523,5.543,5.187,7.962
Tenda Vagabonda,6.803,3.572,7.526,3.123,7.016,9.817
Orsetto Kiwi Secchiello,8.244,3.309,6.501,3.877,4.379,9.441
Cammellino Melagrana Specchio,4.429,6.468,7.373,7.903,5.824,6.429
Gufo Cocco Faretto,6.725,5.29,6.094,2.958,5.241,8.783
Bobr Cossini,5.294,3.952,6.585,3.617,3.417,6.164
Actira Pasta,6.883,5.257,9.483,3.313,7.7,8.046
Cuore Perduto,9.103,2.385,5.569,1.302,3.18,10
Caverna dell'Anima,7.433,4.432,10,3.986,6.534,8.791
Magia Interiore,8.786,2.989,9.711,2.229,7.656,8.296
Psoriasicavolo Opale,4.383,5.042,8.17,3.576,5.068,9.902
Riccio Fragola Spazzola,9.07,2.351,5.562,2.408,4.554,9.942
Orsacchiotto Cocco Ventilatore,9.607,2.239,5.274,3.969,4.755,10
Fotopuzzo Lampadaccio,3.081,6.735,8.904,4.533,6.226,8.835
Gattone Pera Portafoto,8.58,2.17,6.924,3.209,4.838,9.066
Istricino Banana Sedia,5.159,6.445,7.431,3.638,4.83,7.089
Melodia Schiuma,7.678,3.811,8.783,3.297,7.02,9.196
Gelatotristezza Rosa,8.924,1.915,7.884,2.339,4.586,10
Imbianzabozzo Pittocchio,4.447,5.959,8.765,3.56,6.686,8.107
Furetto Pera Piatto,6.135,3.515,6.003,3.393,4.754,8.932
Fiero Portaspazzolino,3.412,6.737,7.144,3.598,5.848,6.6
Coco Fanto Elefanto,6.173,3.693,7.957,7.835,4.393,7.635
Cammellini Litchi Candelabro,4.124,6.82,7.267,7.884,5.045,7.703
Nuvola Croccante,9.762,1.251,7.142,2.403,6.813,10
Battellore Forte,5.749,6.712,9.908,3.238,8.319,7.494
Vasca Stonata,8.603,2.813,8.591,3.232,6.404,9.805
Caotico Zampillaccio,3.361,7.073,10,5.851,6.931,7.075
Tasso Papaya Ombrellone,6.124,5.3,7.274,4.484,5.978,8.525
Eclisse Infantile,9.161,1.122,9.82,2.516,5.064,10
Goffo Rubinettozzo,6.048,3.232,8.284,4.889,4.367,8.148
Cavallini Cocco Coltello,5.545,6.997,7.03,6.761,6.8,7.512
Morbillolattuga Tanzanite,6.104,5.92,8.812,3.72,5.064,9.533
Gomitolo Cantante,9.132,1.813,8.952,1.323,6.848,10
Salame Solare,8.94,2.309,8.284,2.73,7.383,10
Lasagna Lucida,8.698,2.431,7.663,2.036,6.779,10
Ombra di Cera,9.022,2.215,8.549,2.904,7.267,9.291
Salamandrina Uva Barattolo,6.17,4.971,7.419,2.826,5.695,8.921
Gufo Banana Scaffale,5.041,4.622,6.327,3.91,4.25,8.43
Pinguino Papaya Vaso,8.527,3.495,6.977,2.064,4.114,9.12
Orsettini Cocco Cacciavite,9.292,3.68,6.579,4.675,5.975,8.357
Orso Banana Forno,4.309,7.244,7.821,8.155,6.5,6.379
Carpialletto Tronfalone,6.555,3.276,8.597,4.05,6.599,8.305
Cignolino Lampone Copertina,8.421,2.594,6.832,2.547,3.598,9.91
Parrufanfo Testalonzo,5.15,4.428,8.35,4.92,5.579,9.334
Flautobombo Disperazione,4.728,8.446,10,4.692,6.626,7.185
Scoiattolino Fragola Ferro da Stiro,8.434,2.3,6.098,3.033,5.274,8.963
Fruttoladro Ciufagnone,5.183,5.065,8.835,4.013,5.921,8.471
Furetto Pesca Scopa,6.427,4.073,6.858,3.189,4.536,8.572
Rondine Fragola Secchiello,9.442,2.166,5.557,2.044,3.035,10
Creatura di Speranza,9.127,3.614,9.47,2.517,7.47,8.323
Scimmione Uva Forchettone,6.539,5.005,7.327,5.386,5.735,8.88
DiCapriopentolino Goccia,7.495,4.467,8.939,3.972,6.387,9.736
Xilofarfalla Estasi,7.503,4.087,8.572,3.906,5.773,9.228
Tartarughina Banana Ferro da Stiro,6.059,3.159,6.298,4.651,4.274,8.767
Falchetto Banana Cassettiera,4.292,7.364,7.678,4.887,5.631,7.357
Sambucafebbre Ghiaccio,6.217,5.761,9.661,3.127,5.888,9.915
Torrente Imburratorello,4.585,4.184,9.555,3.056,6.579,8.754
Cotolettacalma Rosa,7.642,2.357,6.273,3.671,4.084,9.436
Airone Kiwi Macchina,5.728,6.852,6.397,6.523,6.554,6.591
Rosolialattuga Fluorite,6.633,3.056,7.661,3.951,5.543,9.405
Marea Volubile,8.726,2.998,9.62,3.277,6.157,9.048
Polline Magico,9.081,2.388,9.481,2.636,6.178,8.291
Strascicato Fermacapino,6.002,2.904,8.684,2.24,4.812,9.633
Paffuto Asciugamaccio,6.354,3.321,7.915,4.789,4.662,8.025
Cammello Fragola Teiera,5.109,5.362,6.118,7.013,6.016,7.189
Vento della Morte,6.336,5.259,10,2.403,8.362,6.021
Wupallo Svegliato,8.821,2.447,6.932,2.684,5.212,10
Asbestocavolo Ematite Blu,4.938,7.471,9.119,3.729,6.721,8.766
Gufo Fragola Carillon,8.202,3.723,5.11,3.51,4.175,9.07
Macellobaffa Squartino,3.077,9.626,10,5.81,6.432,6.407
Lucertola Papaya Cucchiaio,6.562,5.255,7.551,2.07,5.785,8.411
Topolino Melagrana Cuscino,9.869,2.863,6.058,1.248,4.837,10
Segrestupido Cartoccio,4.692,6.892,9.12,4.763,5.851,7.088
Arpacimice Nevrosi,6.264,6.033,9.125,3.363,6.649,8.315
Belinello Forte,8.453,2.599,6.483,2.031,6.715,10
Scoiattolo Limone Termoventilatore,7.161,4.063,6.116,3.92,5.935,8.214
Spaghetti Spaghett,6.203,2.058,7.043,4.62,3.815,7.723
Fiamma dell'Anima,10,2.534,8.836,2.769,8.657,8.225
Clozucchino Temporale,6.757,5.026,9.832,3.688,5.635,9.095
Dergelatono Freddo,9.094,2.569,7.003,2.052,5.462,10
Lupetto Ciliegia Panca,5.841,6.22,6.937,5.112,4.325,6.831
Formichino Melone Stendino,7.668,2.939,7.534,1.752,4.945,8.095
Cavalluccio Mora Ombrello,8.172,3.413,6.077,3.901,4.236,9.52
Epatiticarota Sodalite,6.735,5.215,9.187,3.528,6.763,9.446
Alba Ruggente,8.301,3.945,9.122,2.399,7.486,8.253
Gabonino Volante,9.298,3.12,7.648,2.096,6.139,10
Drumtromba Chiara,7.091,3.547,8.414,3.921,7.419,9.922
Elefantino Cocco Culla,5.959,6.131,6.696,9.577,5.862,7.641
Joliefrusta Vento,6.705,4.729,8.549,3.235,5.042,9.456
Mabellico Fino,9.824,3.674,8.625,3.409,6.643,10
Minestrapietà Lilla,6.024,3.993,7.9,3.304,4.188,9.77
Fisarmonicamosca Delirio,6.183,6.893,10,4.608,5.424,8.213
Armonicabruco Tristezza,5.243,5.12,9.438,3.826,6.412,9.629
Biscottina Morbida,10,1.208,6.689,1.709,5.475,9.117
Gastritepomodoro Topazio,5.855,4.092,8.856,3.522,5.919,9.882
Cammello Banana Cavatappi,4.188,7.514,7.959,8.234,5.878,6.921
Timido Candelaccio,7.984,2.254,6.078,3.452,4.743,7.918
Coniglietto Lampone Frullino,9.957,2.377,6.986,2.799,4.552,9.841
Brusco Zainaccino,3.841,6.786,9.024,5.759,6.104,7.903
Stomatitedattero Pirite Rossa,5.729,5.557,8.986,2.84,6.976,9.123
Berber Patapim,4.726,5.738,9.572,5.181,6.474,8.069
Chicleteira Bicicleteira,3.194,5.491,8.299,4.3,5.146,7.709
Flamiro Cissimo,9.668,3.232,7.376,2.61,6.572,10
Diarreamandarino Magnetite,5.769,5.973,9.697,3.872,5.101,9.559
Lombrico Kiwi Ombrello,6.021,4.376,7.374,1.177,4.159,9.364
Tartaruga Fragola Trombetta,9.741,1.913,5.499,4.706,3.194,10
Sogno Sonoro,10,1.17,9.256,1.966,8.27,9.142
Porcospino Melone Gabbietta,7.578,4.015,6.397,2.814,4.568,8.976
Serio Scaffaletto,2.215,6.252,7.263,6.831,5.313,5.08
Cavalluccio Melagrana Portaombrelli,6.753,4.586,6.871,4.391,5.241,8.545
Volpacchiotto Melagrana Stampante,7.398,4.477,6.156,3.604,4.672,8.391
Salamandrino Limone Frullatore,6.7,5.376,6.523,3.947,5.084,8.21
Tagliatellatensione Grigio,5.813,6.335,9.985,4.275,5.491,8.731
Sonoro Fermaglietto,3.799,4.558,8.863,3.927,4.056,7.415
Riflessione Oscura,9.931,3.024,10,2.903,7.977,8.044
Leprotto Banana Forbice,8.857,3.882,6.767,2.768,4.306,9.147
Procione Limone Piastrella,6.598,4.86,6.291,3.728,4.272,9.569
Frittatarosica Arancione,7.149,3.077,7.435,3.103,5.99,9.947
Cuore Mutevole,8.654,3.285,9.997,2.236,6.493,8.464
Lucido Tegamino,4.508,3.188,7.27,4.794,5.798,6.461
Sentimento Melodico,10,1.04,8.227,1.958,6.405,9.287
Flycarpino Volante,7.547,3.104,8.687,2.689,6.81,9.114
Pastatimore Notturno,4.725,8.52,9.969,5.115,5.679,7.408
Puzzolino Banana Coperchio,7.809,3.428,6.668,2.996,4.72,9.367
Clooneypentola Pioggia,5.251,4.737,8.267,3.171,6.089,9.024
Angoscia Cosmica,6.391,5.065,10,3.417,7.385,6.04
Incubo di Magia,6.283,5.621,10,3.358,7.454,7.109
Ombrello Salato,7.353,2.005,8.738,2.355,6.937,9.418
Airone Melagrana Pennello,6.792,4.087,6.811,5.256,5.652,8.537
Sedia Pazza,8.522,3.069,10,3.183,7.373,9.776
Scarlattirapano Olivina,5.578,6.192,9.087,4.522,5.182,8.652
Caffemigraine Fulmine,4.272,7.517,10,4.722,5.492,7.136
Vetraiozitto Urlettone,5.311,6.151,9.804,4.172,5.774,7.89
Amaronetosse Lava,5.956,5.112,9.752,4.324,5.976,8.19
Vinosudorazione Roccia,5.175,6.504,8.37,4.404,5.202,8.093
Clooneymestolo Lampo,5.815,6.731,9.087,2.085,6.271,9.176
Salamandrina Kiwi Caricabatteria,6.436,4.194,7.936,2.364,5.262,9.809
Influzzucchero Diamante,7.122,3.196,9.636,2.243,6.539,9.367
Caffesifilide Lava,4.77,8.259,10,4.709,5.33,7.314
Scoiattolino Limone Valigia,8.774,2.859,5.1,2.439,3.715,9.297
Cavalluccio Mora Vaso,7.574,3.754,6.649,2.016,4.022,9.547
Cannellinimelancolia Azzurro,6.032,3.712,9.361,4.908,5.993,9.145
Fiamma di Morte,6.565,5.86,10,3.726,6.664,8.065
Riccio Uva Ombrellone,8.019,2.719,5.74,2.015,4.318,10
Trombonemosca Caos,4.017,7.411,9.307,3.976,6.028,8.538
Piadinapatia Grigia,4.34,6.093,8.654,4.095,5.589,8.429
Cavallo Pera Proiettore,5.742,6.149,7.141,6.063,6.682,7.561
Fiamma Solitaria,5.494,9.292,8.88,4.756,8.683,3.423
Bassobruco Confusione,5.106,5.938,8.655,4.379,6.853,8.338
Tortapasione Porpora,6.966,3.006,7.553,3.138,4.627,9.001
Ingegnasbaffo Trucchiati,4.204,5.993,8.993,4.597,6.938,7.877
Risottodelirio Verdeacido,4.429,8.331,10,4.017,5.369,7.313
Saltimboccagratitudine Oro,7.397,2.276,6.924,3.45,4.074,9.621
Contrabbassozanzara Eccitazione,7.232,3.617,8.205,5.94,6.51,9.394
Tempesta Eterna,6.323,5.949,10,3.785,6.873,8.9
Ombra Eterna,7.341,4.439,10,2.266,7.669,7.521
Agnolottinostalgia Blu,5.638,4.376,9.425,3.129,5.167,9.049
Herpescicoria Zaffiro,6.831,3.828,8.874,3.076,6.035,9.863
Capresesogno Lilla,7.966,2.347,7.331,3.291,4.947,9.451
Tazza Romantica,9.814,1.023,6.93,2.01,5.359,9.914
Risottopassione Rosso,6.767,6.455,9.534,2.993,6.356,9.011
Bonidramo Lito,7.718,5.347,9.59,3.718,6.76,9.592
Eczemasedano Corallo,6.25,5.152,8.899,2.758,5.276,9.956
Foglia Stonata,9.033,2.52,8.991,2.635,6.42,10
Cidrosarsene Tempesta,4.228,8.788,10,5.438,5.086,7.097
Broncoprosciutto Ametista,7.008,5.274,9.85,3.126,6.277,9.169
Cigno Maracuja Scatola,7.377,2.191,5.516,6.566,3.084,9.886
Scoiattolo Ananas Tostapane,6.522,4.421,6.34,3.74,5.914,9.053
Snodato Sbucciatorello,5.792,3.699,8.461,3.79,5.339,9.708
Nervoso Barilaccio,3.44,8.211,9.48,6.01,6.928,6.945
Belimatalo Solido,7.453,4.791,9.722,3.73,7.564,8.017
Cerbiatto Uva Campanello,8.439,2.564,6.741,3.821,4.507,9.958
Rantolante Vassoiaccio,3.589,6.171,9.856,5.356,5.883,6.289
Cielo di Ombra,7.849,3.255,10,3.02,6.454,7.257
Coccodrillino Mora Radioregistratore,3.941,8.16,9.859,6.741,6.821,6.204
Risottorabbia Giallo,4.861,7.444,9.304,5.613,6.668,7.934
Tessitura Eterica,8.819,2.929,9.905,3.871,7.825,9.996
Angelinagrattugia Nubifragio,6.753,6.209,10,2.319,6.57,8.676
Volante Tappacchiotto,7.309,3.89,7.412,3.205,5.955,9.784
Mononucleamenta Gesso,6.761,5.526,9.768,3.747,5.762,9.46
Cotone Bruciato,8.114,3.744,9.919,3.281,7.28,10
Biscotto Tristezza,9.93,2.08,8.043,2.365,6.225,10
Teglia Nervosa,7.222,3.542,9.451,3.88,7.33,9.894
Saldapuzzo Scorcianotte,2.621,8.677,9.538,4.98,5.217,6.07
Vento Tormentato,7.25,3.745,10,3.517,6.46,8.591
Riflesso Turbato,7.699,3.465,9.347,2.438,7.182,8.368
Lucertolino Lampone Grattacielo,5.779,6.924,8.736,7.067,6.959,7.317
Pocket Tromba,8.965,2.562,7.522,2.227,6.266,9.767
Commersbufa Cartolaccio,5.864,4.689,8.123,3.193,6.944,8.257
Minestranostalgia Ruggine,5.397,4.208,9.798,4.863,4.986,9.052
Neve Liquida,8.58,2.269,8.14,2.195,6.958,9.018
Rondinella Mela Zuccheriera,8.962,2.828,6.483,2.346,3.907,9.693
Cucchiaio Strano,7.135,2.194,8.582,2.719,6.148,9.08
Gaio Sottobicchierone,8.666,2.839,6.834,2.034,4.475,9.387
